1;Arocas&Pasadas;Estefania;Visitante
2;Viso&Gilabert;Queralt;Editor
3;Ayala&Ferreras;Joan;Editor
4;Baez&Tejado;Joan;Administrador
5;Bastardes&Soto;Marc;Editor
6;Anguera&Vilafranca;Josep;Editor
7;Pascual&Aloy;Esther;Editor
8;Valles&Girvent;Laura;Editor
9;Raya&Garcia;Raquel;Editor
10;Andreu&Cruz;Joan;Editor
11;Baraldes&Comas;Isabel;Visitante
12;Berengueras&Culleres;Adria;Editor
13;Garcia&Uceda;Gerard;Visitante
14;Arnau&Moreno;Eliot;Editor
15;Raya&Gavilan;Jordi;Visitante
16;Zambudio&Figuls;Lluis;Editor
17;Bidault&Culleres;Laura;Autor
18;Biosca&Fontanet;Jordi;Editor
19;Zafra&Figuls;Dounya;Visitante
20;Aleu&Icart;Julio;Editor
21;Badia&Torne;Andreu;Editor
22;Morales&Gese;Ramon;Visitante
23;Blanco&Fontanet;David;Editor
24;Alvarez&Fernandez;Aran;Editor
25;Garcia&Almoguera;Gemma;Visitante
26;Libori&Figueras;Ivan;Editor
27;Bidault&Pueyo;David;Editor
28;Benitez&Jose;Xavier;Autor
29;Pascual&Flores;Mario;Administrador
30;Ayala&Torne;Jesus;Editor
31;Listan&Figueras;Gemma;Autor
32;Rasero&Gavilan;Silvia;Autor
33;Arnalot&Puig;Albert;Autor
34;Moliner&Garrido;Maria;Editor
35;Galobart&Garcia;Berta;Editor
36;Lopez&Garrigassait;Berta;Editor
37;Sanchez&Gomez;Mireia;Editor
38;Alavedra&Sunye;Gemma;Editor
39;Aligue&Bonvehi;Isabel;Editor
40;Mas&Franch;Toni;Editor
41;Aloy&Compte;Alejandro;Editor
42;Asensio&Vega;Joan;Visitante
43;Bidault&Perez;Ingrid;Editor
44;Aloy&Codinachs;Oliver;Autor
45;Altimiras&Armenteros;Sandra;Administrador
46;Belmonte&Sanchez;Jordi;Editor
47;Bajona&Garcia;Marc;Editor
48;Aguilar&Rodriguez;Jordina;Autor
49;Barriga&Soto;Maria;Editor
50;Avila&Masjuan;Raquel;Editor
51;Parramon&Flores;Enric;Administrador
52;Aguilar&Ramos;Marta;Editor
53;Ayala&Alsina;Carla;Editor
54;Alvarez&Troyano;Noelia;Editor
55;Alins&Gonzalez;Cristina;Editor
56;Acu¥A&Tort;Carlos;Editor
57;Algue&Trancho;David;Visitante
58;Badia&Castillo;Cristian;Editor
59;Benitez&Flores;Julio;Editor
60;Torruella&Garcia;Sergi;Visitante
61;Alberich&Rodriguez;Aleix;Editor
62;Armencot&Puig;Veronica;Visitante
63;Aligue&Rivera;Mariona;Autor
64;Barriga&Riu;Marc;Editor
65;Portella&Gispets;Gemma;Editor
66;Aguilera&Baena;Ricard;Editor
67;Rodriguez&Garcia;Juan;Autor
68;Aguilar&Sunye;Marta;Editor
69;Barriga&Tarda;Natalia;Editor
70;Barcons&Lara;Marta;Visitante
71;Aguilera&Tatje;Laura;Editor
72;Aleu&Prat;Joan;Editor
73;Valles&Girvent;Alexia;Administrador
74;Molina&Garrido;Ferran;Editor
75;Arissa&Hermoso;Cristina;Editor
76;Baraldes&Pardo;Antonio;Editor
77;Suarez&Garzon;Jordi;Editor
78;Arpa&Moreno;Begonya;Editor
79;Aloy&Farrando;Ingrid;Editor
80;Luque&Garrigasait;Miquel;Visitante
81;Rido&Gomez;Agusti;Visitante
82;Santamaria&Flotats;Antoni;Visitante
83;Herms&Gomez;Joan;Editor
84;Artigas&Maturano;Monica;Editor
85;Aguilar&Masana;Gerard;Editor
86;Altimiras&Serarols;Gemma;Editor
87;Torrescasana&Garcia;Maria;Editor
88;Ariza&Puigbo;Oriol;Editor
89;Alvarez&Armenteros;Virginia;Editor
90;Baraldes&Tarrago;Damia;Visitante
91;Garcia&Garcia;Valenti;Editor
92;Aroca&Gomez;Aina;Editor
93;Alonso&Rodriguez;David;Visitante
94;Cano&Gomez;Gerard;Editor
95;Alcaide&Molina;Marta;Editor
96;Aguilera&Prat;Mireia;Editor
97;Alapont&Icart;Eloi;Administrador
98;Rivero&Florido;Anna;Editor
99;Avila&Masjuan;Alba;Editor
100;Granados&Andres;Sandra;Editor
101;Ferrer&Gasset;Eric;Editor
102;Amigo&Modrego;Lluis;Editor
103;Abdin&Tatje;Cristian;Editor
104;Canellas&Gomez;Guillem;Editor
105;Hidalgo&Altimiras;Dimas;Visitante
106;Bastardas&Franch;Ana;Editor
107;Abadias&Masana;Ivet;Editor
108;Arevalo&Sanchez;Julia;Visitante
109;Alins&Mulet;Daniel;Editor
110;Garcia&Gonzalez;Abel;Editor
111;Alvarez&Parcerisa;Irene;Administrador
112;Casas&Andres;Adria;Editor
113;Morales&Gese;Jairo;Editor
114;Baraldes&Martorell;Cristina;Editor
115;Aroca&Gomez;David;Editor
116;Rueda&Alvarez;Adria;Visitante
117;Alvarez&Domenech;Lucia;Visitante
118;Boix&Gonzalez;Carla;Visitante
119;Baraldes&Monros;Adria;Editor
120;Aguilera&Merino;Marta;Editor
121;Barea&Haene;Marc;Editor
122;Barroso&Haene;Alex;Administrador
